type,title,price,availability
async_books,A Light in the Attic,£51.77,In stock
async_books,Tipping the Velvet,£53.74,In stock
async_books,Soumission,£50.10,In stock
async_books,Sharp Objects,£47.82,In stock
async_books,Sapiens: A Brief History of Humankind,£54.23,In stock
async_books,The Requiem Red,£22.65,In stock
async_books,The Dirty Little Secrets of Getting Your Dream Job,£33.34,In stock
async_books,"The Coming Woman: A Novel Based on the Life of the Infamous Feminist, Victoria Woodhull",£17.93,In stock
async_books,The Boys in the Boat: Nine Americans and Their Epic Quest for Gold at the 1936 Berlin Olympics,£22.60,In stock
async_books,The Black Maria,£52.15,In stock
async_books,"Starving Hearts (Triangular Trade Trilogy, #1)",£13.99,In stock
async_books,Shakespeare's Sonnets,£20.66,In stock
async_books,Set Me Free,£17.46,In stock
async_books,Scott Pilgrim's Precious Little Life (Scott Pilgrim #1),£52.29,In stock
async_books,Rip it Up and Start Again,£35.02,In stock
async_books,"Our Band Could Be Your Life: Scenes from the American Indie Underground, 1981-1991",£57.25,In stock
async_books,Olio,£23.88,In stock
async_books,Mesaerion: The Best Science Fiction Stories 1800-1849,£37.59,In stock
async_books,Libertarianism for Beginners,£51.33,In stock
async_books,It's Only the Himalayas,£45.17,In stock
async_books,In Her Wake,£12.84,In stock
async_books,How Music Works,£37.32,In stock
async_books,"Foolproof Preserving: A Guide to Small Batch Jams, Jellies, Pickles, Condiments, and More: A Foolproof Guide to Making Small Batch Jams, Jellies, Pickles, Condiments, and More",£30.52,In stock
async_books,Chase Me (Paris Nights #2),£25.27,In stock
async_books,Black Dust,£34.53,In stock
async_books,Birdsong: A Story in Pictures,£54.64,In stock
async_books,America's Cradle of Quarterbacks: Western Pennsylvania's Football Factory from Johnny Unitas to Joe Montana,£22.50,In stock
async_books,Aladdin and His Wonderful Lamp,£53.13,In stock
async_books,Worlds Elsewhere: Journeys Around Shakespeare’s Globe,£40.30,In stock
async_books,Wall and Piece,£44.18,In stock
async_books,The Four Agreements: A Practical Guide to Personal Freedom,£17.66,In stock
async_books,The Five Love Languages: How to Express Heartfelt Commitment to Your Mate,£31.05,In stock
async_books,The Elephant Tree,£23.82,In stock
async_books,The Bear and the Piano,£36.89,In stock
async_books,Sophie's World,£15.94,In stock
async_books,Penny Maybe,£33.29,In stock
async_books,Maude (1883-1993):She Grew Up with the country,£18.02,In stock
async_books,"In a Dark, Dark Wood",£19.63,In stock
async_books,Behind Closed Doors,£52.22,In stock
async_books,You can't bury them all: Poems,£33.63,In stock
async_books,Slow States of Collapse: Poems,£57.31,In stock
async_books,Reasons to Stay Alive,£26.41,In stock
async_books,Private Paris (Private #10),£47.61,In stock
async_books,#HigherSelfie: Wake Up Your Life. Free Your Soul. Find Your Tribe.,£23.11,In stock
async_books,Without Borders (Wanderlove #1),£45.07,In stock
async_books,When We Collided,£31.77,In stock
async_books,"We Love You, Charlie Freeman",£50.27,In stock
async_books,Untitled Collection: Sabbath Poems 2014,£14.27,In stock
async_books,"Unseen City: The Majesty of Pigeons, the Discreet Charm of Snails & Other Wonders of the Urban Wilderness",£44.18,In stock
async_books,Unicorn Tracks,£18.78,In stock
async_books,"Unbound: How Eight Technologies Made Us Human, Transformed Society, and Brought Our World to the Brink",£25.52,In stock
async_books,Tsubasa: WoRLD CHRoNiCLE 2 (Tsubasa WoRLD CHRoNiCLE #2),£16.28,In stock
async_books,Throwing Rocks at the Google Bus: How Growth Became the Enemy of Prosperity,£31.12,In stock
async_books,This One Summer,£19.49,In stock
async_books,Thirst,£17.27,In stock
async_books,The Torch Is Passed: A Harding Family Story,£19.09,In stock
async_books,The Secret of Dreadwillow Carse,£56.13,In stock
async_books,"The Pioneer Woman Cooks: Dinnertime: Comfort Classics, Freezer Food, 16-Minute Meals, and Other Delicious Ways to Solve Supper!",£56.41,In stock
async_books,The Past Never Ends,£56.50,In stock
async_books,The Natural History of Us (The Fine Art of Pretending #2),£45.22,In stock
async_books,The Nameless City (The Nameless City #1),£38.16,In stock
async_books,The Murder That Never Was (Forensic Instincts #5),£54.11,In stock
async_books,The Most Perfect Thing: Inside (and Outside) a Bird's Egg,£42.96,In stock
async_books,"The Mindfulness and Acceptance Workbook for Anxiety: A Guide to Breaking Free from Anxiety, Phobias, and Worry Using Acceptance and Commitment Therapy",£23.89,In stock
async_books,The Life-Changing Magic of Tidying Up: The Japanese Art of Decluttering and Organizing,£16.77,In stock
async_books,"The Inefficiency Assassin: Time Management Tactics for Working Smarter, Not Longer",£20.59,In stock
async_books,The Gutsy Girl: Escapades for Your Life of Epic Adventure,£37.13,In stock
async_books,The Electric Pencil: Drawings from Inside State Hospital No. 3,£56.06,In stock
async_books,The Death of Humanity: and the Case for Life,£58.11,In stock
async_books,"The Bulletproof Diet: Lose up to a Pound a Day, Reclaim Energy and Focus, Upgrade Your Life",£49.05,In stock
async_books,The Art Forger,£40.76,In stock
async_books,The Age of Genius: The Seventeenth Century and the Birth of the Modern Mind,£19.73,In stock
async_books,The Activist's Tao Te Ching: Ancient Advice for a Modern Revolution,£32.24,In stock
async_books,Spark Joy: An Illustrated Master Class on the Art of Organizing and Tidying Up,£41.83,In stock
async_books,Soul Reader,£39.58,In stock
async_books,Security,£39.25,In stock
async_books,"Saga, Volume 6 (Saga (Collected Editions) #6)",£25.02,In stock
async_books,"Saga, Volume 5 (Saga (Collected Editions) #5)",£51.04,In stock
async_books,Reskilling America: Learning to Labor in the Twenty-First Century,£19.83,In stock
async_books,"Rat Queens, Vol. 3: Demons (Rat Queens (Collected Editions) #11-15)",£50.40,In stock
async_books,"Princess Jellyfish 2-in-1 Omnibus, Vol. 01 (Princess Jellyfish 2-in-1 Omnibus #1)",£13.61,In stock
async_books,Princess Between Worlds (Wide-Awake Princess #5),£13.34,In stock
async_books,"Pop Gun War, Volume 1: Gift",£18.97,In stock
async_books,"Political Suicide: Missteps, Peccadilloes, Bad Calls, Backroom Hijinx, Sordid Pasts, Rotten Breaks, and Just Plain Dumb Mistakes in the Annals of American Politics",£36.28,In stock
async_books,Patience,£10.16,In stock
async_books,"Outcast, Vol. 1: A Darkness Surrounds Him (Outcast #1)",£15.44,In stock
async_books,orange: The Complete Collection 1 (orange: The Complete Collection #1),£48.41,In stock
async_books,Online Marketing for Busy Authors: A Step-By-Step Guide,£46.35,In stock
async_books,On a Midnight Clear,£14.07,In stock
async_books,Obsidian (Lux #1),£14.86,In stock
async_books,My Paris Kitchen: Recipes and Stories,£33.37,In stock
async_books,Masks and Shadows,£56.40,In stock
async_books,"Mama Tried: Traditional Italian Cooking for the Screwed, Crude, Vegan, and Tattooed",£14.02,In stock
async_books,"Lumberjanes, Vol. 2: Friendship to the Max (Lumberjanes #5-8)",£46.91,In stock
async_books,"Lumberjanes, Vol. 1: Beware the Kitten Holy (Lumberjanes #1-4)",£45.61,In stock
async_books,Lumberjanes Vol. 3: A Terrible Plan (Lumberjanes #9-12),£19.92,In stock
async_books,"Layered: Baking, Building, and Styling Spectacular Cakes",£40.11,In stock
async_books,Judo: Seven Steps to Black Belt (an Introductory Guide for Beginners),£53.90,In stock
async_books,Join,£35.67,In stock
async_books,In the Country We Love: My Family Divided,£22.00,In stock
